PID,Original URL,New File Name,Image Size (KB),Width (px),Height (px),Ratio (x:x)
5fa1a0c7ea8c9619608caa13,https://images.unsplash.com/photo-1489533119213-66a5cd877091?,a0e79dbd-2ffc-400f-b0ec-43d10cf35ff7.png,4269.2890625,2678,1785,2678:1785
602b8b4431cceb85b893a7d3,https://storage.googleapis.com/hdruk-gateway_prod-cms/allianceMembers/Capture.PNG?mtime=20210303105501&amp;focal=none,251ac20f-1d02-4451-b80c-b8e08291aab9.png,185.4453125,536,312,67:39
5fd21dc108a6025025d9a982,https://www.hdruk.ac.uk/wp-content/uploads/2019/11/HRD_share_image.png,092feace-d42d-49b1-a5c2-29e9c74a8c58.png,1279.587890625,2049,1026,683:342
64fc4ee95ca00ee1865e9c5c,https://phenotypes.healthdatagateway.org/static/img/Footer_logos/hdruk_logo.png,8ff0309c-5619-456e-b664-0e7aa55da8cf.png,58.7900390625,597,223,597:223
5fd2292108a6026200d9a9a0,https://www.hdruk.ac.uk/wp-content/uploads/2019/11/HRD_share_image.png,412fc9b3-ed47-4f4a-b17b-9e8d1a4d4e99.png,1279.587890625,2049,1026,683:342
60e58393ecfb139adf90233e,https://storage.googleapis.com/hdruk-gateway_prod-cms/web-assets/jafar-ahmed-E285pJbC4uE-unsplash.jpg?mtime=20210707112405&amp;focal=none,183d939a-3a30-4194-bad1-c3298bd2c697.png,3257.3876953125,2048,1366,1024:683
6287789f74aa156c23683a56,https://cancer-data.ecrc.ed.ac.uk/wp-content/uploads/2021/12/cropped-ECi-logo_transp.png,284b8ec6-f803-435d-ad44-2aa7e6608118.png,11.4931640625,448,175,64:25
661d93e6be73d9714cab6670,https://www.hdruk.ac.uk/wp-content/uploads/2022/11/shutterstock_1984308584-380x209.jpg,635ac3b3-db74-4db9-a038-78b0039bc1fc.png,136.3388671875,380,209,20:11
5fce1626dd951e608d844733,https://storage.googleapis.com/hdruk-gateway_prod-cms/web-assets/SERP.png,5889bac0-ccb1-4d96-a221-ad21962c86e5.png,30.50390625,700,466,350:233
5fb692883936f24f2a7fc2d8,https://www.recoverytrial.net/images/site-logos/recovery-logo-chosen-mar-2020.jpg,8f89c60f-55b2-4844-a16d-c86812e5c69f.png,107.2744140625,945,295,189:59
602067517f79aac3c1672231,https://storage.googleapis.com/hdruk-gateway_prod-cms/web-assets/q-research-2.png,53e49aba-b152-4142-88bb-5b10360a9f5d.png,19.4189453125,700,466,350:233
61eacdf67752d017a2c3af0c,https://storage.googleapis.com/hdruk-gateway_non-prod-cms/QResearch/q-research-blue-750px.png,387e12e4-d1dc-4efb-ba51-6b501adbc334.png,13.8544921875,750,400,15:8
64e5e5d69de5c4730b0cda1e,https://attachments.office.net/owa/Ping.Yu%40hdruk.ac.uk/service.svc/s/GetAttachmentThumbnail?id=AAMkAGNkOTkxNWE2LTZiMTgtNDgyZi1iZjBmLTYzYTY0NDExNGM0NABGAAAAAAAIKdnFOFwbT6vTk0QYOHLBBwCsDGtmOugMQ4%2Fqnfo5PZ85AAAAAAEMAACsDGtmOugMQ4%2Fqnfo5PZ85AAAgnS7IAAABEgAQANlOaYmdq3lEhxKliSzDz%2Fc%3D&amp;thumbnailType=2&amp;token=eyJhbGciOiJSUzI1NiIsImtpZCI6IjczRkI5QkJFRjYzNjc4RDRGN0U4NEI0NDBCQUJCMTJBMzM5RDlGOTgiLCJ0eXAiOiJKV1QiLCJ4NXQiOiJjX3VidnZZMmVOVDM2RXRFQzZ1eEtqT2RuNWcifQ.eyJvcmlnaW4iOiJodHRwczovL291dGxvb2sub2ZmaWNlLmNvbSIsInVjIjoiOTY0YWViODllYWQyNGY3ZGE4NzdhNzNjOWJhZDQ0OWQiLCJzaWduaW5fc3RhdGUiOiJbXCJrbXNpXCJdIiwidmVyIjoiRXhjaGFuZ2UuQ2FsbGJhY2suVjEiLCJhcHBjdHhzZW5kZXIiOiJPd2FEb3dubG9hZEA4NDRjYWNiMS03MDI3LTQyNjMtOWQ4YS0xOGZhYTViZjA4MzkiLCJpc3NyaW5nIjoiV1ciLCJhcHBjdHgiOiJ7XCJtc2V4Y2hwcm90XCI6XCJvd2FcIixcInB1aWRcIjpcIjExNTM4MDExMjU3MDE0NDc2MTZcIixcInNjb3BlXCI6XCJPd2FEb3dubG9hZFwiLFwib2lkXCI6XCI0MjM5YTkwNS04NzQyLTQ3NzItOWQxMC0yMTg0Y2FmYWQxNGFcIixcInByaW1hcnlzaWRcIjpcIlMtMS01LTIxLTIxODM1OTE0ODMtMTYzNDk2ODI1LTU4MjQ1NDMwMC0yOTc2NjAxMFwifSIsIm5iZiI6MTY5MzMyMzczMiwiZXhwIjoxNjkzMzI0MzMyLCJpc3MiOiIwMDAwMDAwMi0wMDAwLTBmZjEtY2UwMC0wMDAwMDAwMDAwMDBAODQ0Y2FjYjEtNzAyNy00MjYzLTlkOGEtMThmYWE1YmYwODM5IiwiYXVkIjoiMDAwMDAwMDItMDAwMC0wZmYxLWNlMDAtMDAwMDAwMDAwMDAwL2F0dGFjaG1lbnRzLm9mZmljZS5uZXRAODQ0Y2FjYjEtNzAyNy00MjYzLTlkOGEtMThmYWE1YmYwODM5IiwiaGFwcCI6Im93YSJ9.lDbcYD9c44au0cuTnkGtQQypTwJJuIzSLMD5ufyqri7wLlVIUBvAjyiCmvpQpYyob8H5FTETpUpGUCIEt0jFWXYNuVYg0qz2k5ZjY6V_5CFHQYeJEy4dqYMbI2E2dRuMqQ7cizXTBYuZEhkgGbMKrCvrxCiRwVNS7WBadzhfEzq8zMbRcbykNCDAc2a5JobUg2mjbfZQdKfvcINWkxjiFgleAf2DCwpj6bYoOhyy_Yi_3kAe0c5MIJY2nNDvIodKqr-5xcb3MhANAwXQA-mtgIOWIk6NiuPEC4PcGphriTGrt8Hnnhb43Tf8Vqd-etGkpSubNsohLvl6Dl6vEVLw8Q&amp;X-OWA-CANARY=CxqDPY18zEqh4OVk2M-JcyBOY_emqNsY2B_JqyHUdGrPvzuwj0eN7fiCnqmQbP6nn7BWjliZQec.&amp;owa=outlook.office.com&amp;scriptVer=20230811007.09&amp;animation=true,,,,,
5f281a88b409ac1ade289cb8,https://storage.googleapis.com/hdruk-gateway_prod-cms/web-assets/PROTECT-logo.png?mtime=20210816104909&amp;focal=none,1df4dde4-513c-42e3-bf94-56a2098db781.png,254.8310546875,2048,771,2048:771
60e57bd2ecfb13d25b9022a8,https://www.hdruk.ac.uk/wp-content/uploads/2020/05/cancerpic3.jpg,c8440849-9a57-4e0e-9d2e-ce360268c09f.png,227.2373046875,612,408,3:2
5f32a7d53b1d85c427e97c01,https://medcitynews.com/uploads/2017/11/GettyImages-483265099.jpg,,,,,
5fce16ac2d7b1e08051f3fa7,https://storage.googleapis.com/hdruk-gateway_prod-cms/web-assets/Office-for-National-Statistics.png,654ab4d8-9107-45fa-b51a-13d17b022687.png,17.6845703125,700,466,350:233
640b5391ec9fa35e6fdca35e,https://www.google.com/imgres?imgurl=https%3A%2F%2Fwww.hdruk.ac.uk%2Fwp-content%2Fuploads%2F2022%2F11%2FBHF-DSC-logo-for-funding-opp.png&amp;imgrefurl=https%3A%2F%2Fwww.hdruk.ac.uk%2Ffunding-opportunities%2Fcardiovascular-and-diabetes-tre-funding-opportunity%2F&amp;tbnid=8CGzv3q4MFAIdM&amp;vet=12ahUKEwjs-eL33NH9AhWEticCHQvqAlkQMygCegUIARCDAQ..i&amp;docid=0Qb26baP-URpJM&amp;w=700&amp;h=350&amp;q=bhf%20dsc&amp;hl=en&amp;ved=2ahUKEwjs-eL33NH9AhWEticCHQvqAlkQMygCegUIARCDAQ,,,,,
60722d8507cf085356a6c436,https://www.healthdatagateway.org/pages/latest-news#3048,,,,,
62eba27673678e395950bbb5,http://www.nshd.mrc.ac.uk/files/9116/5243/0034/Banner_5.png,,,,,
661d908bcb919cfaa01b394d,https://www.hdruk.ac.uk/wp-content/uploads/2023/07/shutterstock_1563745462_reduced-380x209.png,71c59476-0f97-432f-bc2f-763330472379.png,98.0869140625,380,209,20:11
661d9a0a0e8acf5b4354403a,https://www.hdruk.ac.uk/wp-content/uploads/2022/03/shutterstock_717437125-1.jpg,6699aacb-3121-47c9-8676-6c823eec19ca.png,248.587890625,500,334,250:167
60b659b11916ee3677aaec06,https://www.clinicalomics.com/wp-content/uploads/2020/09/Leukemia-1133641181.jpg,5f8b6dbf-bc11-4c4a-93d8-a57be8e34419.png,2702.060546875,2121,1414,3:2
631f01a2ed1bb50cb0a3fb6d,https://www.hdruk.ac.uk/wp-content/uploads/2021/06/RGB-_Coloured-1024x334.png,0980331d-a98f-4fe8-8961-7fbbaf6c1567.png,60.431640625,1024,334,512:167
64902a7465d72b45b43d7ac3,https://icoda-research.org/wp-content/uploads/2023/06/image-30.png,75e9e9db-db20-4ac0-b204-45794bfbe3a1.png,89.259765625,698,360,349:180
661d4aa73ec48d6830e41a28,https://www.hdruk.ac.uk/wp-content/uploads/2023/01/thumb_320-1-320x209.jpg,3adf1774-4b17-4d07-a7de-a5dbb0147bf8.png,94.8056640625,320,209,320:209
66d706892343ff971256af4f,https://www.hdruk.org/wp-content/uploads/2023/01/Screenshot-2023-08-02-at-16.36.07.png,3a2429fd-3670-418c-8b0e-275cf07d0f65.png,60.23046875,1101,571,1101:571
5f281c8ab409acce9d289cc5,https://www.hdruk.ac.uk/wp-content/uploads/2020/04/dna_helix.jpg,b303839b-c816-4a62-b4d6-2c09c28cdb16.png,176.734375,500,334,250:167
5fce17042d7b1e56f91f3fb8,https://storage.googleapis.com/hdruk-gateway_prod-cms/web-assets/HSC.png,f18dfc17-fd56-4e9f-ba4e-55a7c2afff54.png,44.7216796875,700,466,350:233
60182f269a86942c9f658d4b,https://www.hdruk.ac.uk/about-us/locations/better-care-north-partnership/,,,,,
60265c012c78ca4d4e96baff,https://www.hdruk.ac.uk/wp-content/uploads/2020/03/shutterstock_1563745462-genomic-sequencing-800x450.jpg,043ac31e-da63-4e21-aadb-8777f6534cfc.png,443.58984375,800,450,16:9
62e9326da92e3ef6a4bedb31,https://storage.googleapis.com/hdruk-gateway_prod-cms/web-assets/HDR-Gateway-logo-full-large_social.png?mtime=20220802151907&amp;focal=none,0704b399-4907-4269-9287-ce969f4fce01.png,44.5107421875,1001,565,1001:565
5f32a71f3b1d858383e97bf2,https://media.nutrition.org/wp-content/uploads/2017/08/IBD.jpg,016c6f00-b1cc-4fc6-b788-7f6cb281fc05.png,126.4619140625,351,351,1:1
5f281a3ab409ac38b5289cb2,https://www.hdruk.ac.uk/wp-content/uploads/2020/06/shutterstock_1675328338-484x412.jpg,825bea5e-d77b-4748-aa63-42c12a030848.png,242.974609375,484,412,121:103
61e59451ac76c1995bc61613,https://th.bing.com/th/id/OIP.sYsRlgCanAaNzFlVtG32GAHaEK?w=266&amp;h=180&amp;c=7&amp;r=0&amp;o=5&amp;pid=1.7,,,,,
6363b95d6ca84a35c6345803,https://cdn.pixabay.com/photo/2017/02/10/12/03/volunteer-2055010_1280.png,1e12ea98-8a58-4f2f-afa5-271fcb5b2ded.png,120.4697265625,1280,882,640:441
637616c54a86282de6066469,https://www.ed.ac.uk/sites/default/files/styles/panel_breakpoints_theme_uoe_mobile_1x/public/thumbnails/image/dataloch_logo_dark_900x400edweb.png,ac6944d6-09ed-47a6-8c72-6daa4eba3706.png,33.9208984375,720,320,9:4
5f32a6e03b1d8510bae97bed,https://www.timeshighereducation.com/sites/default/files/styles/the_breaking_news_image_style/public/istock-680508160.jpg,,,,,
6050a40d26cf73cdee900835,https://images.unsplash.com/photo-1608451643043-6a8eebc527ee?ixid=MXwxMjA3fDB8MHxwaG90by1wYWdlfHx8fGVufDB8fHw%3D&amp;ixlib=rb-1.2.1&amp;auto=format&amp;fit=crop&amp;w=1350&amp;q=80,1055ec2d-a21a-433b-bdbc-c70b57b7fb32.png,13802.7158203125,5184,3456,3:2
5fad546c8c45bd48e368046b,https://storage.googleapis.com/hdruk-gateway_prod-cms/web-assets/people_sticky_notes.jpg?mtime=20210510144834&amp;focal=none,f829b956-9a5f-4bf8-b07d-42f94f35eb11.png,570.5703125,1024,683,1024:683
60c1d75f3cd6371463bb3c3e,https://storage.googleapis.com/hdruk-gateway_prod-cms/web-assets/Capture333.PNG?mtime=20210610110749&amp;focal=none,f213a2ca-874e-4bd9-9b23-9bf3bcc32c39.png,123.45703125,382,215,382:215
5fb62c186f3f97bc1e2d9284,http://www.cs.nott.ac.uk/~pszjb3/cocologowide.jpg,,,,,
5f284ebdf03bb830b120f54c,https://www.hdruk.ac.uk/wp-content/uploads/2020/05/GettyImages-483291233.jpg,9bd61138-3b89-417e-a342-ce64e32d6b13.png,249.423828125,508,339,508:339
60b75a58a6034a748f623770,https://storage.googleapis.com/hdruk-gateway_prod-cms/web-assets/Capturecc.PNG?mtime=20210602120214&amp;focal=none,fd4f63bd-2c6f-4e9b-a4cf-54de8ebc289f.png,143.783203125,391,213,391:213
60b65dcf1916ee290faaec7c,https://www.pintas.com/wp-content/uploads/2020/07/johnson-and-johnson-talcum-powder-lawsuit-lawyer-is-there-a-cure-for-ovarian-cancer-scaled.jpg,37bd1f06-0df3-4f56-b9be-0ae79cc4a8b7.png,1452.9541015625,2560,1880,64:47
5f32a6a63b1d85ec0fe97be8,https://d2ebzu6go672f3.cloudfront.net/media/content/images/p4_LungsML0418_gi577938810.jpg,78dc7d95-1ca6-46a2-92f3-d13e1289dc60.png,1097.166015625,1006,1200,503:600
60b65b761916ee9db4aaec33,https://images.unsplash.com/photo-1631048007275-db7b5deffbad?ixlib=rb-1.2.1&amp;ixid=MnwxMjA3fDB8MHxwaG90by1wYWdlfHx8fGVufDB8fHx8&amp;auto=format&amp;fit=crop&amp;w=2070&amp;q=80,679c2b69-8b85-4fa1-b3cc-bb84600ce36a.png,15255.2978515625,4000,2667,4000:2667
60b64a1dfcc86850883f3c01,https://healthgatehospital.com/wp-content/uploads/2018/11/gastroenterology.jpg,,,,,
60b656b21916ee1a4caaeb9c,https://els-jbs-prod-cdn.jbs.elsevierhealth.com/pb/assets/raw/Lancet/clinical/diseases/bladder-cancer.jpg,,,,,
661d7fa9dfbb768c43102d9b,https://www.hdruk.ac.uk/wp-content/uploads/2023/08/national-cancer-institute-LnvCEXQwC-o-unsplash-380x209.jpg,030b410b-d853-4d2b-9c60-f31715ff526b.png,125.2529296875,380,209,20:11
5fda35025c98da5d654ca1fc,https://www.hdruk.ac.uk/wp-content/uploads/2020/06/shutterstock_782114452-800x450.jpg,17ff3653-9614-40ea-8afb-7d8add129f1b.png,441.4423828125,800,450,16:9
601c0ca11789d23423a8ec93,https://storage.googleapis.com/hdruk-gateway_prod-cms/web-assets/bc.PNG?mtime=20210204152522&amp;focal=none,e00bf9b2-c332-4510-a959-9bc1386c462e.png,124.3212890625,383,216,383:216
66d9a265755933125df96716,https://www.hdruk.ac.uk/ad-data-initiative-data-pilots-logos-for-collection-3-1/,4f844201-2939-4f97-9a18-99b2f6bb9bc9.png,112.6396484375,750,400,15:8
